{
  "Comics" : [ {
    "avis" : 5,
    "categorie" : "Super-vilains",
    "date" : "12/06/2020",
    "dessinateur" : "Sejic Stjepan",
    "disponibilite" : 2,
    "editeur" : "Urban Comics",
    "isbn" : 1026816068,
    "nbr-pages" : 224,
    "nouveaute" : true,
    "photo" : "assets/img/Harleen.png",
    "prix" : "20€",
    "promotion" : false,
    "resume" : "Après des études mouvementées qui ont entamé sa confiance en elle, la jeune psychologue Harleen Quinzel pense enfin avoir décroché le poste de ses rêves en étant embauchée à l’Asile d’Arkham afin d’apporter son soutien et son expertise aux plus grands criminels de Gotham. Mais il est un être au sein de cet asile qui va à la fois faire chavirer son esprit et son cœur : le Joker ! Petit à petit, Harleen va se laisser séduire puis sombrer dans un abîme de folie y laissant à tout jamais son innocence et ses illusions perdues.",
    "scenariste" : "Sejic Stjepan",
    "selection" : false,
    "titre" : "Harleen",
    "univers" : "DC Comics"
  }, {
    "avis" : 4,
    "categorie" : "Super-vilains",
    "date" : "21/03/2021",
    "dessinateur" : "Riley Rossmo",
    "disponibilite" : 3,
    "editeur" : "DC Comics",
    "nbr-pages" : 50,
    "nouveaute" : true,
    "photo" : "assets/img/Harley_Quinn.png",
    "prix" : "20€",
    "promotion" : false,
    "resume" : "Harley Quinn revient à Gotham City pour compenser les péchés de son passé et aider la ville à se remettre de 'The Joker War'.",
    "scenariste" : "Stephanie Phillips",
    "selection" : false,
    "titre" : "Harley Quinn, Tome 1",
    "univers" : "DC Comics"
  }, {
    "avis" : 4,
    "categorie" : "Super-vilains",
    "date" : "26/02/2021",
    "dessinateur" : "Guillem March, Tony Daniel, Jorge Jimenez",
    "disponibilite" : 1,
    "editeur" : "Urban Comics",
    "isbn" : 9791026819332,
    "nbr-pages" : 100,
    "nouveaute" : true,
    "photo" : "assets/img/batman-joker-war_tome_2.png",
    "prix" : "20€",
    "promotion" : false,
    "resume" : "Après avoir affronté le Designer, Batman réalise que son ennemi de toujours, le Joker, tirait en réalité les ficelles des événements récents. Le Clown prince du crime a, de son côté, trouvé une nouvelle compagne, Punchline, qui ne tarde pas à s'opposer à son ancienne conquête, Harley Quinn ! La ville de Gotham sombre dans le chaos tandis la vie de Bruce Wayne, privé de sa fortune, se trouve à jamais bouleversée !",
    "scenariste" : "James Tynion IV",
    "selection" : false,
    "serie" : "Joker War",
    "titre" : "Batman: Joker War - Tome 2",
    "univers" : "DC Comics"
  }, {
    "avis" : 4,
    "categorie" : "Super-héros",
    "date" : "05/02/2021",
    "dessinateur" : "John Romita Jr",
    "disponibilite" : 1,
    "editeur" : "Urban Comics",
    "isbn" : 9791026819820,
    "nbr-pages" : 120,
    "nouveaute" : true,
    "photo" : "assets/img/apocalypse_a_metropolis_clark_kent_superman_tome_5.png",
    "prix" : "20€",
    "promotion" : false,
    "resume" : "Depuis que Superman a révélé son identité secrète, le chaos règne dans les rues de Metropolis... La mafia invisible, Lex Luthor et la Legion Fatale en ont fait leur terrain de jeu, et s'y s'affrontent pour en prendre le contrôle. De leur côté, les héros font leur possible pour protéger la ville, mais c'est une guerre sans merci qui se prépare. Dans cette lutte, le plus grand des super-héros ne sera pas de trop, mais maintenant que tous connaissent le secret de l'Homme d'Acier, sera-t-il bien en mesure de défendre Metropolis ? Et ses proches sont-ils seulement en sécurité ?",
    "scenariste" : "Brian Michel Bendis",
    "selection" : false,
    "serie" : "Superman",
    "titre" : "Clark Kent : Superman - tome 5",
    "univers" : "DC Comics"
  }, {
    "avis" : 4,
    "categorie" : "Super-héros",
    "date" : "13/04/2021",
    "dessinateur" : "Tom Taylor",
    "disponibilite" : 3,
    "editeur" : "DC Comics",
    "nbr-pages" : 60,
    "nouveaute" : true,
    "photo" : "assets/img/Batman_The_Detective.png",
    "prix" : "20€",
    "promotion" : false,
    "resume" : "Depuis que Superman a révélé son identité secrète, le chaos règne dans les rues de Metropolis... La mafia invisible, Lex Luthor et la Legion Fatale en ont fait leur terrain de jeu, et s'y s'affrontent pour en prendre le contrôle. De leur côté, les héros font leur possible pour protéger la ville, mais c'est une guerre sans merci qui se prépare. Dans cette lutte, le plus grand des super-héros ne sera pas de trop, mais maintenant que tous connaissent le secret de l'Homme d'Acier, sera-t-il bien en mesure de défendre Metropolis ? Et ses proches sont-ils seulement en sécurité ?",
    "scenariste" : "Andy Kubert",
    "selection" : false,
    "serie" : "Batman Detective",
    "titre" : "Batman Detective",
    "univers" : "DC Comics"
  }, {
    "avis" : 5,
    "categorie" : "Super-vilains",
    "date" : "09/02/2021",
    "dessinateur" : "Jorge Jimenez",
    "disponibilite" : 1,
    "editeur" : "DC Comics",
    "isbn" : 9781779507907,
    "nbr-pages" : 100,
    "nouveaute" : true,
    "photo" : "assets/img/Batman_The_Joker_War.png",
    "prix" : "20€",
    "promotion" : false,
    "resume" : "This is it: the Clown Prince of Crime battles the Dark Knight Detective head-to-head for the last time. And one way or another, this explosive struggle will pave the way to the future of Gotham City! The Joker has never wanted to win before-he’s never wanted his battle with Batman to end-but now his motivation has shifted. As The Joker assembles an army, Batman reels from a debilitating Joker Toxin attack. Amid the chaos, the villains of Gotham City are waiting out the carnage Joker has unleashed-and Catwoman assembles an army of her own! Plus, Harley Quinn battles Punchline, and Clownhunter joins the action!",
    "scenariste" : "James Tynion IV",
    "selection" : false,
    "serie" : "Joker War",
    "titre" : "Batman: Joker War - Tome 1",
    "univers" : "DC Comics"
  }, {
    "avis" : 5,
    "categorie" : "Super-héros",
    "date" : "12/02/2021",
    "dessinateur" : "Patrick Gleason",
    "disponibilite" : 1,
    "editeur" : "Urban Comics",
    "isbn" : 9791026817802,
    "nbr-pages" : 100,
    "nouveaute" : true,
    "photo" : "assets/img/Batman_Robin_Integrale_Tome_3.png",
    "prix" : "20€",
    "promotion" : false,
    "resume" : "Bien que la mort de son fils unique, Damian, ait été l'épreuve la plus douloureuse de sa carrière, Batman a su remonter la pente et trouver le courage d'affronter les pires menaces de Gotham. Mais Ra's al Ghul ne l'entend pas de cette oreille et tente par tous les moyens de ressusciter celui qui est également son petit-fils.",
    "scenariste" : "Peter J. Tomasi",
    "selection" : false,
    "serie" : "Batman & Robin",
    "titre" : "Batman & Robin: Integrale - Tome 3",
    "univers" : "DC Comics"
  }, {
    "avis" : 3,
    "categorie" : "Super-héros",
    "date" : "29/01/2021",
    "dessinateur" : "Greg Capullo",
    "disponibilite" : 1,
    "editeur" : "Urban Comics",
    "isbn" : 9791026819714,
    "nbr-pages" : 100,
    "nouveaute" : false,
    "photo" : "assets/img/Batman_Death_Metal_tome_2.png",
    "prix" : "20€",
    "promotion" : false,
    "resume" : "Devenue maîtresse des enfers et gardienne des super-vilains opposants au Batman Qui Rit, Wonder Woman a fini par éliminer cet être diabolique et a rejoint ses alliés pour libérer la Terre et le Multivers du joug de Perpetua. Mais le Batman Qui Rit renaît de ses cendres sous une nouvelle forme, son cerveau transposé dans le corps d'un Bruce Wayne surpuissant. Les résistants de la Ligue de Justice pourront-ils vaincre leur pire cauchemar : un Batman aux pouvoirs sans limites ?",
    "scenariste" : "James Tynion IV, Scott Snyder",
    "selection" : true,
    "serie" : "Batman Death Metal",
    "titre" : "Batman Death Metal - Tome 2",
    "univers" : "DC Comics"
  }, {
    "avis" : 5,
    "categorie" : "Super-vilains",
    "date" : "12/01/2021",
    "dessinateur" : "Stephanie Phillips",
    "disponibilite" : 2,
    "editeur" : "Urban Comics",
    "nbr-pages" : 100,
    "nouveaute" : false,
    "photo" : "assets/img/Future_State_Harley_Quinn.png",
    "prix" : "20€",
    "promotion" : false,
    "scenariste" : " Simone DI Meo",
    "selection" : true,
    "serie" : "Future State",
    "titre" : "Future State: Harley Quinn",
    "univers" : "DC Comics"
  }, {
    "avis" : 5,
    "categorie" : "Super-héros",
    "date" : "23/03/2021",
    "dessinateur" : "Tim Sheridan",
    "disponibilite" : 2,
    "editeur" : "Urban Comics",
    "nbr-pages" : 100,
    "nouveaute" : false,
    "photo" : "assets/img/Teen_Titans_Academy.png",
    "prix" : "20€",
    "promotion" : false,
    "resume" : "Bienvenue à la Teen Titans Academy! Rempli de nouveaux adolescents super puissants et de nombreux secrets sombres, le corps étudiant de Teen Titans Academy comprend Shazam; un nouveau speedster australien; un trio d'expatriés adolescents gothiques obsédés par Batman - et un membre de cette première classe deviendra le mortel Red X.Les nouveaux Teen Titans originaux, dont Nightwing, Starfire, Raven, Cyborg et Beast Boy, jouent le rôle d'enseignants et mentors pour adolescents surpuissants. Leur objectif: façonner la prochaine génération de héros",
    "scenariste" : " Rafa Sandoval",
    "selection" : true,
    "serie" : "Teen Titans Academy",
    "titre" : "Teen Titans Academy ",
    "univers" : "DC Comics"
  }, {
    "avis" : 5,
    "categorie" : "Super-vilains",
    "date" : "28/10/2020",
    "dessinateur" : "Jason Fabok",
    "disponibilite" : 1,
    "editeur" : "DC Comics",
    "isbn" : 9781779500243,
    "nbr-pages" : 300,
    "nouveaute" : true,
    "photo" : "assets/img/jokers3.png",
    "prix" : "30€",
    "promotion" : false,
    "resume" : "The final chapter of the most terrifying and personal Batman mystery is here! Still reeling from their last encounter with the three Jokers, Batman, Batgirl, and Red Hood discover the terrible truth about the Three Jokers’ plot. Will the caped crusaders have the strength needed to put an end to the maniacal menaces’ master plan once and for all, or will it be lights out for good? You won’t want to miss the stunning conclusion of Batman: Three Jokers as it completes its trajectory as the ultimate examination of The Joker and his never-ending conflict with Batman",
    "scenariste" : "Geoff Johns",
    "selection" : false,
    "serie" : "Three Jokers",
    "titre" : "Batman: Three Jokers - Tome 3"
  }, {
    "avis" : 5,
    "categorie" : "Super-vilains",
    "date" : "30/09/2020",
    "dessinateur" : "Jason Fabok",
    "disponibilite" : 1,
    "editeur" : "DC Comics",
    "isbn" : 9782809492460,
    "nbr-pages" : 250,
    "nouveaute" : true,
    "photo" : "assets/img/jokers2.png",
    "prix" : "20€",
    "promotion" : false,
    "resume" : "As Batman and Batgirl follow an unexpected thread linking the three Jokers with someone from the Dark Knight’s past, Red Hood dives headfirst into trouble and finds himself struggling to stay afloat without the aid of his allies.",
    "scenariste" : "Geoff Johns",
    "selection" : false,
    "serie" : "Three Jokers",
    "titre" : "Batman: Three Jokers - Tome 2",
    "univers" : "DC Comics"
  }, {
    "avis" : 4,
    "categorie" : "Super-vilains",
    "date" : "26/08/2020",
    "dessinateur" : "Jason Fabok",
    "disponibilite" : 1,
    "editeur" : "DC Comics",
    "isbn" : 9781779500243,
    "nbr-pages" : 210,
    "nouveaute" : true,
    "photo" : "assets/img/joker1.png",
    "prix" : "15€",
    "promotion" : false,
    "resume" : "Thirty years after Batman: The Killing Joke changed comics forever, Three Jokers reexamines the myth of who, or what, The Joker is and what is at the heart of his eternal battle with Batman. New York Times bestselling writer Geoff Johns and Jason Fabok, the writer/artist team that waged the “Darkseid War” in the pages of Justice League, reunite to tell the ultimate story of Batman and The Joker!",
    "scenariste" : "Geoff Johns",
    "selection" : false,
    "serie" : "Three Jokers",
    "titre" : "Batman: Three Jokers - Tome 1",
    "univers" : "DC Comics"
  }, {
    "avis" : 5,
    "categorie" : "Super-héros",
    "date" : "25/09/2020",
    "dessinateur" : "Ivan Reis",
    "disponibilite" : 1,
    "editeur" : "Urban Comics",
    "isbn" : 9791026817291,
    "nbr-pages" : 180,
    "nouveaute" : true,
    "photo" : "assets/img/superman4.png",
    "prix" : "30€",
    "promotion" : true,
    "resume" : "Pendant des années, Superman a défendu la justice, la vérité et l'idéal humain tout en menant une vie tranquille de journaliste d'un grand quotidien, le Daily Planet. Mais aujourd'hui, l'Homme d'Acier a pris la plus grave décision de son existence : révéler au monde le secret de son identité secrète ! Comment ses plus proches alliés et surtout ses pires ennemis vont-ils réagir à ce qui devient rapidement le scoop du siècle ?",
    "scenariste" : "Brian Michael Bendis",
    "selection" : false,
    "serie" : "Superman",
    "titre" : "Clark Kent : Superman - tome 4 ",
    "univers" : "DC Comics"
  }, {
    "avis" : 3,
    "categorie" : "Super-héros",
    "date" : "07/02/2020",
    "dessinateur" : "Ivan Reis",
    "disponibilite" : 1,
    "editeur" : "Urban Comics",
    "isbn" : 9791026820604,
    "nbr-pages" : 190,
    "nouveaute" : false,
    "photo" : "assets/img/superman3.png",
    "prix" : "27€",
    "promotion" : true,
    "resume" : "Toujours bouleversés par les révélations de Rogol Zarr, véritable responsable de la destruction de Krypton, Superman et Supergirl continuent leur enquête sur ce dangereux extraterrestre. Mais Clark a également fort à faire avec son fils, Jon, revenu sur Terre avec quelques années de plus alors qu'il n'était parti avec son grand-père à travers l'espace que quelques semaines auparavant... Et le récit de Jon concernant ce périple n'est pas sans raviver en l'Homme d'Acier de nombreux doutes quant à Jor-El, ce père revenu d'entre les morts.",
    "scenariste" : "Brian Michael Bendis",
    "selection" : false,
    "serie" : "Clark Kent",
    "titre" : "Clark Kent : Superman - Tome 3",
    "univers" : "DC Comics"
  }, {
    "avis" : 5,
    "categorie" : "Super-héros",
    "date" : "05/07/2019",
    "dessinateur" : "Ryan Sook",
    "disponibilite" : 1,
    "editeur" : "Urban Comics",
    "isbn" : 9791026816362,
    "nbr-pages" : 182,
    "nouveaute" : false,
    "photo" : "assets/img/superman2.png",
    "prix" : "24€",
    "promotion" : false,
    "resume" : "Pendant longtemps, on s'est demandé comment des criminels pouvaient évoluer dans les entrailles de Metropolis, la ville célèbre pour les exploits de son protecteur, Superman ! Aujourd'hui, alors que le Daily Planet est sur le point de sombrer et que les incendies se multiplient en ville, l'Homme d'Acier découvre qu'un ennemi invisible s'insinue dans les quartiers les plus dangereux.",
    "scenariste" : "Brian Michael Bendis",
    "selection" : true,
    "serie" : "Clark Kent",
    "titre" : "Clark Kent : Superman - Tome 2",
    "univers" : "DC Comics"
  }, {
    "avis" : 2,
    "categorie" : "Super-héros",
    "date" : "26/04/2019",
    "dessinateur" : "Ivan Reis",
    "disponibilite" : 1,
    "editeur" : "Urban Comics",
    "isbn" : 9791026815716,
    "nbr-pages" : 155,
    "nouveaute" : false,
    "photo" : "assets/img/superman1.png",
    "prix" : "21€",
    "promotion" : false,
    "resume" : "Séparé de sa femme et de son fils, Superman tente tant bien que mal de maintenir sa double vie à flot. Un équilibre ténu qui vacille lorsque la Terre, sa planète d'adoption, se retrouve projetée dans la Zone Fantôme, la prison interdimensionnelle créée sur Krypton, son monde natal, afin de maintenir en captivité les plus grandes menaces de l'univers ! Secondé par une Ligue de Justice malheureusement dépassée, Superman va devoir trouver un moyen de ramener la Terre dans sa véritable dimension.",
    "scenariste" : "Brian Michael Bendis",
    "selection" : false,
    "serie" : "Clark Kent",
    "titre" : "Clark Kent : Superman - Tome 1 ",
    "univers" : "DC Comics"
  }, {
    "avis" : 4,
    "categorie" : "Super-girls",
    "date" : "07/04/2020",
    "dessinateur" : "Xermanico",
    "disponibilite" : 1,
    "editeur" : "DC Comics",
    "isbn" : 9791026815796,
    "nbr-pages" : 169,
    "nouveaute" : false,
    "photo" : "assets/img/wonderwoman2.png",
    "prix" : "17€",
    "promotion" : false,
    "resume" : "Wonder Woman survives her battle against young god Ares only to discover her mother is missing-and so is Aphrodite's child! Together, they'll turn the world upside down to find them, but they must fight a pack of wayward Titans first. Can they convince Diana's foe Giganta to join the fight? ",
    "scenariste" : "Steve Orlando",
    "selection" : false,
    "serie" : "Wonder Woman",
    "titre" : "Wonder Woman - Tome 2",
    "univers" : "DC Comics"
  }, {
    "avis" : 3,
    "categorie" : "Super-girls",
    "date" : "08/06/2016",
    "dessinateur" : "Cary Nord",
    "disponibilite" : 1,
    "editeur" : "DC Comics",
    "isbn" : 9791026815792,
    "nbr-pages" : 175,
    "nouveaute" : false,
    "photo" : "assets/img/wonderwoman1.png",
    "prix" : "22€",
    "promotion" : false,
    "resume" : "Wonder Woman survives her battle against young god Ares only to discover her mother is missing-and so is Aphrodite's child! Together, they'll turn the world upside down to find them, but they must fight a pack of wayward Titans first. Can they convince Diana's foe Giganta to join the fight? ",
    "scenariste" : "G. Willow Wilson",
    "selection" : false,
    "serie" : "Wonder Woman",
    "titre" : "Wonder Woman - Tome 1",
    "univers" : "DC Comics"
  }, {
    "avis" : 5,
    "categorie" : "Super-vilains",
    "date" : "09/08/2020",
    "dessinateur" : "John Timms",
    "disponibilite" : 1,
    "editeur" : "DC Comics Rebirth",
    "isbn" : 9791026819301,
    "nbr-pages" : 188,
    "nouveaute" : false,
    "photo" : "assets/img/harley9.png",
    "prix" : "26€",
    "promotion" : false,
    "resume" : "Quand un médecin renommé de Gotham est retrouvé mort, la fameuse toxine du Joker dans les veines, tout semble désigné Harley Quinn comme première suspect... Mais celle-ci n'y est pour rien, et pour prouver son innocence, elle va devoir s'associer au plus grand détective qui soit : le Chevalier Noir. Une occasion en or pour la reine de Coney Island de réaliser un de ses plus grands rêves : devenir la sidekick de Batman – à moins que ce ne soit lui qui soit le sidekick de Harley Quinn... ?!",
    "scenariste" : "Sam Humphries",
    "selection" : true,
    "serie" : "Harley Quinn Rebirth",
    "titre" : "Harley Quinn: Rebirth - Tome 9",
    "univers" : "DC Comics"
  }, {
    "avis" : 4,
    "categorie" : "Super-vilains",
    "date" : "14/08/2018",
    "dessinateur" : "John Timms",
    "disponibilite" : 1,
    "editeur" : "DC Comics Rebirth",
    "isbn" : 9793026819301,
    "nbr-pages" : 172,
    "nouveaute" : false,
    "photo" : "assets/img/harley3.png",
    "prix" : "21€",
    "promotion" : true,
    "resume" : "Maintenant qu'elle n'a plus à faire face à son clown psychotique favori, Harley Quinn peut enfin vivre une vie tranquille. Mais c'était sans compter son ancienne rivale, Harley Sinn, qui a réussi à quitter les barreaux de sa prison et qui est bien décidée à prendre sa revanche. Et en parallèle, le maire de Coney Island met en place un plan pour se débarrasser des sans-abri, et ça risque de ne pas plaire à tout le monde. De quoi mettre Harley en rogne. Et croyez-moi, vous n'avez pas envie de la voir dans cet état !",
    "scenariste" : "Jimmy Palmiotti",
    "selection" : false,
    "serie" : "Harley Quinn Rebirth",
    "titre" : "Harley Quinn: Rebirth - Tome 3 ",
    "univers" : "DC Comics"
  }, {
    "avis" : 5,
    "categorie" : "Anti-héros",
    "date" : "12/06/2020",
    "dessinateur" : "Jimmy Palmiotti",
    "disponibilite" : 1,
    "editeur" : "Marvel Panini France",
    "isbn" : 10254566068,
    "nbr-pages" : 250,
    "nouveaute" : true,
    "photo" : "assets/img/daredevil-tome-1.png",
    "prix" : "73€",
    "promotion" : false,
    "resume" : "Dans les premières pages signées par le réalisateur Kevin Smith, une adolescente affolée confie son bébé à Matt Murdock. Elle prétend que le nouveau-né est le sauveur de l'humanité, l'enfant du miracle. Mais un inconnu raconte à Murdock une histoire radicalement différente sur cet enfant. Tandis que Daredevil tente de démêler le vrai du faux, le redoutable Bullseye entre en lice, bien déterminé s'emparer du bébé et à tuer le héros dans la foulée. Les fans comme la critique ont qualifié la prestation en huit volets de Smith comme l'une des meilleures sagas jamais écrites pour Daredevil - une aventure pleine de coups de théâtre qui confronte l'Homme sans Peur à la disparition tragique d'un être cher.",
    "scenariste" : "Kevin Smith",
    "selection" : false,
    "serie" : "Daredevil",
    "titre" : "Daredevil: 100 % Marvel - Tome 1",
    "univers" : "Marvel"
  }, {
    "avis" : 4,
    "categorie" : "Anti-héros",
    "date" : "12/01/2004",
    "dessinateur" : "Tim Sale",
    "disponibilite" : 1,
    "editeur" : "Marvel",
    "isbn" : 9782845380912,
    "nbr-pages" : 224,
    "nouveaute" : false,
    "photo" : "assets/img/daredevil-tome-3.png",
    "prix" : "62€",
    "promotion" : false,
    "resume" : "Avocat le jour, super héros la nuit, Matt Murdock possède une ouie, un odorat, une force et une agilité particulièrement développés. Et même s'il est aveugle, son sens radar lui permet de se diriger et d'éviter le moindre obstacle. Inlassablement, il arpente les rues de New-York à la poursuite de criminels en tout genre sous le nom de Dardevil, l'homme sans peur.",
    "scenariste" : "Jeph Loeb",
    "selection" : false,
    "serie" : "Daredevil",
    "titre" : "Daredevil: 100 % Marvel - Tome 3",
    "univers" : "Marvel"
  }, {
    "avis" : 5,
    "categorie" : "Super-héros",
    "date" : "15/02/2012",
    "dessinateur" : "Terry Dodson",
    "disponibilite" : 1,
    "editeur" : "Marvel",
    "isbn" : 1026816068,
    "nbr-pages" : 272,
    "nouveaute" : false,
    "photo" : "assets/img/spider-man-le-dernier-combat.png",
    "prix" : "35€",
    "promotion" : false,
    "resume" : "Piqué par une araignée radioactive lors d'une expérience scientifique, Peter Parker acquiert d'extraordinaires pouvoirs, force et agilité surhumaines, adhérence aux parois, et un sixième sens qui l'alerte en cas de danger. La mort de son oncle Ben - tué par un cambrioleur que Peter a laissé filer quelques jours plus tôt - incite le jeune étudiant à se transformer en super-héros justicier. ",
    "scenariste" : "Mark Millar",
    "selection" : false,
    "serie" : "Marvel Knights",
    "titre" : "Marvel Knights: Spider-Man",
    "univers" : "Marvel"
  }, {
    "avis" : 3,
    "categorie" : "Super-vilains",
    "date" : "2008",
    "dessinateur" : "Rob Liefeld",
    "disponibilite" : 1,
    "editeur" : "Marvel Panini France",
    "isbn" : 458516068,
    "nbr-pages" : 112,
    "nouveaute" : false,
    "photo" : "assets/img/deadpool-volume-2.png",
    "prix" : "75€",
    "promotion" : false,
    "resume" : "Dans le présent, Spider-Man doit supporter Deadpool. Dans le futur, Peter et Wade doivent affronter une horde de clones de Deadpool. Qui est le plus à plaindre ? Vous le découvrirez dans cinq épisodes riches en rebondissements, en découpages au katana et en copies de super-héros.",
    "scenariste" : "Fabian Nicieza",
    "selection" : false,
    "titre" : "Deadpool - Tome 2",
    "univers" : "Marvel"
  }, {
    "avis" : 4,
    "categorie" : "Anti-héros",
    "date" : "15/04/2009",
    "dessinateur" : "Michael Lark",
    "disponibilite" : 1,
    "editeur" : "Marvel Panini France",
    "isbn" : 9782809406788,
    "nbr-pages" : 150,
    "nouveaute" : false,
    "photo" : "assets/img/daredevil-tome-16.png",
    "prix" : "58€",
    "promotion" : false,
    "resume" : "Matt Murdock doit faire face aux bouleversements de son existence et trouve enfin un moyen d'aller de l'avant. Mais une nouvelle menace surgie de son passé pointe à l'horizon. Et après le désastre de la guerre civile, incarner Daredevil est devenu encore plus difficile.",
    "scenariste" : "Ed Brubaker",
    "selection" : false,
    "serie" : "Daredevil",
    "titre" : "Daredevil: 100 % Marvel - Tome 16 ",
    "univers" : "Marvel"
  }, {
    "avis" : 5,
    "categorie" : "Super-héros",
    "date" : "10/05/2011",
    "dessinateur" : "Adi Granov",
    "disponibilite" : 1,
    "editeur" : "Marvel Panini France",
    "isbn" : 9782809419931,
    "nbr-pages" : 284,
    "nouveaute" : false,
    "photo" : "assets/img/iron-man-tome-3.png",
    "prix" : "42€",
    "promotion" : false,
    "resume" : "Tony Stark est confronté à un virus informatique d'un nouveau genre... Est-ce le début d'une révolution pour Iron man?",
    "scenariste" : "Warren Ellis",
    "selection" : false,
    "serie" : "Iron Man",
    "titre" : "Iron Man - Tome 3",
    "univers" : "Marvel"
  }, {
    "avis" : 3,
    "categorie" : "Super-héros",
    "date" : "29/05/2008",
    "dessinateur" : "Marcos Martin",
    "disponibilite" : 1,
    "editeur" : "Marvel",
    "isbn" : 9782809402926,
    "nbr-pages" : 142,
    "nouveaute" : false,
    "photo" : "assets/img/docteur-strange-tome-2.png",
    "prix" : "80€",
    "promotion" : false,
    "resume" : "Le Docteur Strange mène l'enquête la plus étrange de toute sa carrière. Il va tenter de résoudre l'énigme d'une tentative de meurtre... sur sa propre personne ! Avec son fidèle Wong, lui aussi à l'article de la mort, Strange explore un lieu inattendu de l'univers Marvel pour se trouver une nouvelle alliée...",
    "scenariste" : "Brian K. Vaughan",
    "selection" : false,
    "serie" : "Docteur Strange",
    "titre" : "Docteur Strange: 100% Marvel - Tome 2",
    "univers" : "Marvel"
  }, {
    "avis" : 5,
    "categorie" : "Anti-héros",
    "date" : "13/07/2006",
    "dessinateur" : "Alex Maleev",
    "disponibilite" : 1,
    "editeur" : "Panini Comics",
    "isbn" : 9782845387447,
    "nbr-pages" : 204,
    "nouveaute" : false,
    "photo" : "assets/img/daredevil-tome-11.png",
    "prix" : "60€",
    "promotion" : false,
    "resume" : "Celui qui était le Caïd avant Wilson Fisk refait surface? et veut la peau de Matt Murdock. Et qui a récupéré l'amulette du Tigre Blanc ?",
    "scenariste" : "Brian Michael Bendis",
    "selection" : false,
    "serie" : "Daredevil",
    "titre" : "Daredevil: 100 % Marvel - Tome 11",
    "univers" : "Marvel"
  }, {
    "avis" : 4,
    "categorie" : "Anti-héros",
    "date" : "21/12/2004",
    "dessinateur" : "Alex Maleev",
    "disponibilite" : 1,
    "editeur" : "Marvel France",
    "isbn" : 9782845384385,
    "nbr-pages" : 184,
    "nouveaute" : false,
    "photo" : "assets/img/daredevil-tome-8.png",
    "prix" : "75€",
    "promotion" : false,
    "resume" : "Daredevil a bien des problèmes. Non seulement un journal a révélé sa véritable identité, mais il doit en prime faire face à la criminelle schizophrène Typhoid Mary. Sans compter que le caïd a refait surface, bien décidé à reconquérir son territoire avec l'aide du Tireur !",
    "scenariste" : "Brian Michael Bendis",
    "selection" : false,
    "serie" : "Daredevil",
    "titre" : "Daredevil: 100 % Marvel - Tome 8",
    "univers" : "Marvel"
  }, {
    "avis" : 5,
    "categorie" : "Super-héros",
    "date" : "15/06/2016",
    "dessinateur" : "Mark Bagley",
    "disponibilite" : 1,
    "editeur" : "Panini Comics",
    "isbn" : 9782809455526,
    "nbr-pages" : 288,
    "nouveaute" : true,
    "photo" : "assets/img/Mort_d_un_Bouffon_Ultimate_Spider_Man_Marvel_Deluxe_tome_10.png",
    "prix" : "32€",
    "promotion" : false,
    "resume" : "Daredevil propose à Spider-Man de rejoindre le Docteur Strange, Iron Fist et Moon Knight pour vaincre le Caïd. C'est le début des ennuis pour Peter Parker qui subit en plus le retour du Bouffon Vert, les aléas de santé de sa tante May et la colère de son ex, Kitty Pryde !",
    "scenariste" : "Brian Michael Bendis",
    "selection" : false,
    "serie" : "Ultimate Spiderman",
    "titre" : "Ultimate Spider-Man - Tome 10 ",
    "univers" : "Marvel"
  }, {
    "avis" : 4,
    "categorie" : "Super-héros",
    "date" : "10/06/2010",
    "dessinateur" : "Bryan Hitch",
    "disponibilite" : 1,
    "editeur" : "Panini Comics",
    "isbn" : 9782809416060,
    "nbr-pages" : 103,
    "nouveaute" : true,
    "photo" : "assets/img/Renaissance_1_2_Marvel_Icons_Hors_Serie_tome_17.png",
    "prix" : "50€",
    "promotion" : false,
    "resume" : "Le Marvel Icons hors série 17 accueille la première partie de la mini-série Captain America : Reborn. Pour ceux qui ne seraient pas au courant, Steve Rogers, alias Captain America, est mort. Le héros a été tué, juste après Civil War, par Sharon Carter, alors sous l'emprise de Crâne Rouge. Depuis, le bouclier a été repris par James Barnes, anciennement Winter Soldier et fidèle compagnon de route de Cap. Evidemment, en habitués des comics mainstrean et de leurs règles implicites, nous nous attendions à voir Rogers revenir d'entre les morts un jour ou l'autre. Marvel a tout de même réussi à patienter plus de deux ans avant de remettre le personnage sur le devant de la scène. Il faut dire que Barnes faisait un bien piètre remplaçant, bien moins charismatique en tout cas que son illustre prédécesseur.",
    "scenariste" : "Ed Brubaker",
    "selection" : false,
    "serie" : "Marvel icons Hors Série",
    "titre" : "Marvel Icons Hors Série - Tome 17 ",
    "univers" : "Marvel"
  }, {
    "avis" : 4,
    "categorie" : "Super-héros",
    "date" : "18/11/2011",
    "dessinateur" : "Bob Brown",
    "disponibilite" : 1,
    "editeur" : "Marvel",
    "isbn" : 9782809422917,
    "nbr-pages" : 144,
    "nouveaute" : true,
    "photo" : "assets/img/Avengers_Vs_Defenders_Marvel_Classic_tome_4.png",
    "prix" : "50€",
    "promotion" : false,
    "resume" : "Tirée des archives Marvel, vous allez assister à la bataille historique entre Vengeurs et Défenseurs, magistralement retranscrite par Steve Englehart, Bob Brown et Sal Buscema. Un classique du début des années 70 à ne pas manquer.",
    "scenariste" : "Steve Englehart",
    "selection" : false,
    "serie" : "Marvel classic",
    "titre" : "Avengers Vs. Defenders: Marvel Classic - Tome 4",
    "univers" : "Marvel"
  }, {
    "avis" : 4,
    "categorie" : "Super-girl",
    "date" : "14/02/2017",
    "dessinateur" : "Kris Anka",
    "disponibilite" : 1,
    "editeur" : "Panini Comics",
    "isbn" : 9780785196433,
    "nbr-pages" : 103,
    "nouveaute" : true,
    "photo" : "assets/img/Civil_War_II_Captain_Marvel_2016_tome_2.png",
    "prix" : "15€",
    "promotion" : false,
    "resume" : "Captain Marvel Vol. 2: Civil War II - [Version Originale]",
    "scenariste" : "Ruth Fletcher",
    "selection" : false,
    "serie" : "Captain Marvel",
    "titre" : "Civil war 2: Captain Marvel - Tome 2 ",
    "univers" : "Marvel "
  }, {
    "avis" : 4,
    "categorie" : "Super-héros",
    "date" : "01/02/2018",
    "dessinateur" : "Marcos Martin",
    "disponibilite" : 1,
    "editeur" : "Hachette",
    "isbn" : 9780785196433,
    "nbr-pages" : 112,
    "nouveaute" : true,
    "photo" : "assets/img/Docteur_Strange_Le_Serment_Marvel_Comics_La_Collection_tome.png",
    "prix" : "25€",
    "promotion" : false,
    "resume" : " Ce volume rassemble les épisodes Doctor Strange: The Oath 1 à 5. L'album, à couverture avec vernis sélectif et sans ISBN, porte le numéro 64 pour insertion dans la frise. Avec en fin d'album, 3 pages d'illustrations et 2 pages de Brain K. Vaughan et Marcos Martin qui évoquent le Serment.",
    "scenariste" : "brian k. Vaughan",
    "selection" : false,
    "serie" : "Docteur Strange",
    "titre" : "Docteur Strange: le serment - Tome 103",
    "univers" : "Marvel "
  }, {
    "avis" : 4,
    "categorie" : "Super-girl",
    "date" : "01/06/2015",
    "dessinateur" : "David Lopez",
    "disponibilite" : 1,
    "editeur" : "marvel",
    "isbn" : 9780785198659,
    "nbr-pages" : 112,
    "nouveaute" : true,
    "photo" : "assets/img/Captain_Marvel_And_The_Carol_Corps.png",
    "prix" : "120€",
    "promotion" : false,
    "resume" : "Captain Marvel, qui en fait à le grade de Colonel, est décidée à découvrir ce qu’il y a de l’autre côté du ciel. L’escadron Banshee est prêt à la suivre partout, surtout droit vers la court martiale si cela se sait.",
    "scenariste" : "kelly Sue DeConnick",
    "selection" : false,
    "serie" : "Captain Marvel",
    "titre" : "Captain Marvel And The Carol Corps",
    "univers" : "Marvel"
  }, {
    "avis" : 4,
    "categorie" : "Super-héros",
    "date" : "01/06/2015",
    "dessinateur" : "Esad Ribic",
    "disponibilite" : 1,
    "editeur" : "Panini comics",
    "isbn" : 9780785198658,
    "nbr-pages" : 135,
    "nouveaute" : true,
    "photo" : "assets/img/Marvel_Legacy.png",
    "prix" : "65€",
    "promotion" : false,
    "resume" : "Le nouvel event de Marvel appelé marvel legacy!",
    "scenariste" : "Jason Aaron",
    "selection" : false,
    "titre" : "Marvel Legacy",
    "univers" : "Marvel"
  }, {
    "avis" : 4,
    "categorie" : "Super-héros",
    "date" : "11/07/2012",
    "dessinateur" : "John Buscema",
    "disponibilite" : 1,
    "editeur" : "Panini comics",
    "isbn" : 9780785158721,
    "nbr-pages" : 320,
    "nouveaute" : true,
    "photo" : "assets/img/Marvel_Masterworks_The_Uncanny_X_Men_Volume_5.png",
    "prix" : "65€",
    "promotion" : false,
    "resume" : "The X-Men had fought many battles, been on adventures that spanned galaxies, grappled with enemies of limitless might, but none of this could prepare them for the most shocking struggle they would ever face. Jean Grey has gained power beyond all comprehension, corrupting her and transforming her into the Dark Phoenix! Now they must decide is the life of the woman they cherish worth the existence of the entire universe! It's the definitive X-Men tale, painstakingly restored for the Marvel Masterworks.",
    "scenariste" : "Chris Claremont",
    "selection" : false,
    "serie" : "X-men",
    "titre" : "The Uncanny X-Men - Tome 5",
    "univers" : "Marvel"
  }, {
    "avis" : 4,
    "categorie" : "Super-héros",
    "date" : "29/06/2017",
    "dessinateur" : "Esad Ribic",
    "disponibilite" : 1,
    "editeur" : "Panini comics",
    "isbn" : 9780785197258,
    "nbr-pages" : 135,
    "nouveaute" : true,
    "photo" : "assets/img/Couv_306476.png",
    "prix" : "189€",
    "promotion" : false,
    "resume" : "Le volume rassemble les épisodes US Fantastic Four 1, Tales to Astonish 27 et 44, Incredible Hulk 1, Amazing Fantasy 15, Tale of Suspense 39, Uncanny X-Men 1, Avengers 1 et 4, Daredevil 1.",
    "scenariste" : "Jason Aaron",
    "selection" : false,
    "titre" : "Les Origines de Marvel: Les Années 60",
    "univers" : "Marvel"
  }, {
    "avis" : 4,
    "categorie" : "Super-héros",
    "date" : "01/12/2015",
    "dessinateur" : "Sean Philips",
    "disponibilite" : 1,
    "editeur" : "Marvel",
    "isbn" : 9780785198789,
    "nbr-pages" : 112,
    "nouveaute" : true,
    "photo" : "assets/img/Marvel_Zombies_Battleworld.png",
    "prix" : "40€",
    "promotion" : false,
    "resume" : "Le nouvel event de Marvel appelé marvel legacy!",
    "scenariste" : "Robert Kirkman",
    "selection" : false,
    "titre" : "Marvel Zombies : Battleworld",
    "univers" : "Marvel"
  } ]
}
